Juan                99.66%    212.3MiB / 500MiB     42.45%	1
Juan                48.73%    215.6MiB / 500MiB     43.12%	2
Juan                6.91%     215.7MiB / 500MiB     43.14%	3
Juan                6.99%     215.7MiB / 500MiB     43.15%	4
Juan                5.06%     215.8MiB / 500MiB     43.17%	5
Juan                5.19%     215.9MiB / 500MiB     43.19%	6
Juan                8.21%     216MiB / 500MiB       43.19%	7
Juan                1.90%     216MiB / 500MiB       43.20%	8
Juan                3.87%     216.1MiB / 500MiB     43.22%	9
Juan                26.26%    201.3MiB / 500MiB     40.27%	10
Juan                6.98%     201.6MiB / 500MiB     40.32%	11
Juan                2.43%     201.7MiB / 500MiB     40.34%	12
Juan                4.01%     201.8MiB / 500MiB     40.36%	13
Juan                2.56%     201.9MiB / 500MiB     40.37%	14
Juan                5.46%     202.4MiB / 500MiB     40.47%	15
Juan                6.29%     202.4MiB / 500MiB   40.48%	16
Juan                4.33%     202.4MiB / 500MiB     40.49%	17
Juan                2.91%     202.6MiB / 500MiB     40.52%	18
Juan                4.66%     202.6MiB / 500MiB     40.53%	19
Juan                19.71%    205.3MiB / 500MiB     41.06%	20
Juan                3.03%     205.5MiB / 500MiB     41.10%	21
Juan                4.24%     205.5MiB / 500MiB     41.10%	22
Juan                2.03%     205.9MiB / 500MiB     41.17%	23
Juan                3.44%     205.9MiB / 500MiB     41.17%	24
Juan                2.73%     206MiB / 500MiB       41.20%	25
Juan                2.09%     204.1MiB / 500MiB     40.82%	26
Juan                4.86%     204.2MiB / 500MiB     40.84%	27
Juan                2.26%     204.2MiB / 500MiB     40.84%	28
Juan                5.21%     204.2MiB / 500MiB     40.84%	29
Juan                3.05%     209.2MiB / 500MiB     41.84%	30
Juan                1.85%     209.3MiB / 500MiB     41.86%	31
Juan                1.69%     209.3MiB / 500MiB     41.86%	32
Juan                1.94%     209.3MiB / 500MiB     41.86%	33
Juan                4.36%     209.3MiB / 500MiB     41.86%	34
Juan                2.73%     209.3MiB / 500MiB     41.86%	35
Juan                2.20%     209.3MiB / 500MiB     41.86%	36
Juan                2.98%     209.3MiB / 500MiB     41.86%	37
Juan                1.54%     209.3MiB / 500MiB     41.86%	38
Juan                1.79%     209.4MiB / 500MiB     41.88%	39
Juan                2.25%     209.3MiB / 500MiB     41.86%	40
Juan                1.79%     209.3MiB / 500MiB   41.86%	41
Juan                2.34%     209.3MiB / 500MiB   41.86%	42
Juan                7.94%     209.3MiB / 500MiB     41.86%	43
Juan                1.66%     209.3MiB / 500MiB     41.86%	44
Juan                2.02%     209.4MiB / 500MiB     41.89%	45
Juan                2.33%     209.3MiB / 500MiB     41.86%	46
Juan                24.14%    216.2MiB / 500MiB     43.25%	47
Juan                1.59%     216.4MiB / 500MiB     43.27%	48
Juan                1.88%     216.5MiB / 500MiB   43.30%	49
Juan                2.27%     216.5MiB / 500MiB     43.30%	50
Juan                12.66%    216.9MiB / 500MiB     43.39%	51
Juan                2.54%     211.3MiB / 500MiB    42.26%	52
Juan                2.34%     211.3MiB / 500MiB     42.27%	53
Juan                2.10%     211.3MiB / 500MiB     42.27%	54
Juan                1.56%     211.4MiB / 500MiB   42.27%	55
Juan                1.97%     211.4MiB / 500MiB     42.27%	56
Juan                0.68%     211.5MiB / 500MiB     42.30%	57
Juan                1.69%     211.4MiB / 500MiB     42.28%	58
Juan                1.90%     212.3MiB / 500MiB     42.47%	59
Juan                3.50%     212.4MiB / 500MiB     42.47%	60
Juan                2.73%     212.5MiB / 500MiB     42.49%	61
Juan                4.19%     212.5MiB / 500MiB   42.49%	62
Juan                1.61%     212.5MiB / 500MiB     42.50%	63
Juan                4.79%     212.5MiB / 500MiB     42.50%	64
Juan                1.20%     209.5MiB / 500MiB   41.91%	65
Juan                1.89%     209.7MiB / 500MiB     41.93%	66
Juan                2.73%     208.3MiB / 500MiB     41.66%	67
Juan                2.11%     208.3MiB / 500MiB     41.66%	68
Juan                0.92%     208.2MiB / 500MiB     41.64%	69
Juan                5.05%     208.3MiB / 500MiB     41.66%	70
Juan                0.66%     208.2MiB / 500MiB     41.64%	71
Juan                12.53%    208.2MiB / 500MiB     41.64%	72
Juan                0.59%     208.2MiB / 500MiB     41.64%	73
Juan                2.83%     208.2MiB / 500MiB     41.64%	74
Juan                2.02%     208.2MiB / 500MiB     41.64%	75
Juan                2.04%     208.2MiB / 500MiB     41.64%	76
Juan                2.77%     208.2MiB / 500MiB     41.64%	77
Juan                1.78%     208.2MiB / 500MiB     41.64%	78
Juan                3.13%     208.2MiB / 500MiB     41.64%	79
Juan                1.49%     208.2MiB / 500MiB     41.64%	80
Juan                2.23%     208.2MiB / 500MiB     41.65%	81
Juan                1.57%     208.2MiB / 500MiB     41.64%	82
Juan                1.62%     208.2MiB / 500MiB     41.65%	83
Juan                1.27%     208.2MiB / 500MiB     41.65%	84
Juan                2.08%     208.2MiB / 500MiB     41.64%	85
Juan                2.26%     208.2MiB / 500MiB     41.64%	86
Juan                1.97%     208.2MiB / 500MiB   41.65%	87
Juan                5.16%     208.5MiB / 500MiB     41.70%	88
Juan                2.01%     208.5MiB / 500MiB     41.70%	89
Juan                1.93%     208.5MiB / 500MiB     41.70%	90
Juan                1.93%     208.5MiB / 500MiB     41.70%	91
Juan                3.23%     208.5MiB / 500MiB     41.70%	92
Juan                1.21%     208.5MiB / 500MiB     41.70%	93
Juan                8.10%     208.8MiB / 500MiB     41.77%	94
Juan                2.69%     208.9MiB / 500MiB     41.77%	95
Juan                3.30%     208.9MiB / 500MiB     41.78%	96
Juan                3.84%     209.7MiB / 500MiB     41.94%	97
Juan                2.45%     209.6MiB / 500MiB     41.91%	98
Juan                3.45%     209.7MiB / 500MiB     41.93%	99
Juan                3.12%     209.7MiB / 500MiB     41.93%	100
Juan                1.87%     209.5MiB / 500MiB     41.91%	101
Juan                17.27%    209.7MiB / 500MiB     41.93%	102
Juan                2.65%     210.2MiB / 500MiB     42.04%	103
Juan                1.30%     200.4MiB / 500MiB   40.09%	104
Juan                7.09%     200.7MiB / 500MiB   40.15%	105
Juan                2.46%     200.7MiB / 500MiB   40.15%	106
Juan                2.20%     200.7MiB / 500MiB     40.15%	107
Juan                4.67%     200.9MiB / 500MiB     40.18%	108
Juan                2.99%     200.8MiB / 500MiB     40.17%	109
Juan                2.70%     200.8MiB / 500MiB     40.17%	110
Juan                1.49%     200.8MiB / 500MiB     40.17%	111
Juan                4.13%     200.8MiB / 500MiB     40.17%	112
Juan                2.13%     200.8MiB / 500MiB     40.17%	113
Juan                0.74%     200.8MiB / 500MiB     40.17%	114
Juan                1.71%     200.8MiB / 500MiB     40.17%	115
Juan                2.27%     200.8MiB / 500MiB     40.17%	116
Juan                2.92%     200.8MiB / 500MiB     40.17%	117
Juan                2.06%     201.1MiB / 500MiB     40.22%	118
Juan                2.52%     201MiB / 500MiB       40.19%	119
Juan                0.87%     201MiB / 500MiB       40.19%	120
Juan                2.54%     200.9MiB / 500MiB     40.17%	121
Juan                1.50%     200.8MiB / 500MiB     40.17%	122
Juan                1.61%     200.8MiB / 500MiB     40.17%	123
Juan                1.32%     200.8MiB / 500MiB     40.17%	124
Juan                1.93%     200.9MiB / 500MiB     40.17%	125
Juan                5.54%     200.8MiB / 500MiB     40.17%	126
Juan                9.71%     200.9MiB / 500MiB     40.18%	127
Juan                2.17%     201MiB / 500MiB       40.20%	128
Juan                2.37%     201MiB / 500MiB       40.20%	129
Juan                2.13%     200.9MiB / 500MiB     40.18%	130
Juan                1.93%     200.9MiB / 500MiB     40.18%	131
Juan                1.81%     200.9MiB / 500MiB     40.18%	132
Juan                8.27%     200.9MiB / 500MiB     40.18%	133
Juan                3.13%     200.9MiB / 500MiB     40.18%	134
Juan                3.24%     200.9MiB / 500MiB     40.18%	135
Juan                1.82%     200.9MiB / 500MiB     40.18%	136
Juan                2.84%     200.9MiB / 500MiB     40.18%	137
Juan                2.11%     200.9MiB / 500MiB     40.18%	138
kafka-1             51.84%    32.82MiB / 10.69GiB   0.30%	138
kafka-2             63.86%    34.41MiB / 10.69GiB   0.31%	138
kafka-3             61.29%    29.45MiB / 10.69GiB   0.27%	138
control-center      75.16%    11.4MiB / 10.69GiB    0.10%	138
schema-registry     81.39%    17.38MiB / 10.69GiB   0.16%	138
ksql-server         63.98%    28.91MiB / 10.69GiB   0.26%	138
zk-1                84.20%    19.43MiB / 10.69GiB   0.18%	138
connect             88.31%    28.36MiB / 10.69GiB   0.26%	138
connect             96.87%    9.777MiB / 10.69GiB   0.09%	139
ksql-server         39.42%    96.6MiB / 10.69GiB    0.88%	139
schema-registry     42.12%    93.8MiB / 10.69GiB    0.86%	139
control-center      99.40%    89.8MiB / 10.69GiB    0.82%	139
zk-1                116.23%   91.26MiB / 10.69GiB   0.83%	139
Juan                6.50%     200.9MiB / 500MiB     40.19%	139
kafka-3             12.38%    70.65MiB / 10.69GiB   0.65%	139
kafka-1             24.77%    74.67MiB / 10.69GiB   0.68%	139
kafka-2             23.28%    71.75MiB / 10.69GiB   0.66%	139
connect             1.04%     90.14MiB / 10.69GiB   0.82%	140
ksql-server         0.91%     111.1MiB / 10.69GiB   1.02%	140
schema-registry     1.85%     94.43MiB / 10.69GiB   0.86%	140
control-center      1.19%     90.56MiB / 10.69GiB   0.83%	140
zk-1                11.60%    95.89MiB / 10.69GiB   0.88%	140
Juan                0.77%     200.9MiB / 500MiB     40.19%	140
connect             4.51%     90.22MiB / 10.69GiB   0.82%	141
ksql-server         1.27%     110.4MiB / 10.69GiB   1.01%	141
schema-registry     1.16%     93.8MiB / 10.69GiB    0.86%	141
control-center      1.38%     89.96MiB / 10.69GiB   0.82%	141
zk-1                0.35%     95.89MiB / 10.69GiB   0.88%	141
Juan                2.33%     200.9MiB / 500MiB     40.19%	141
connect             2.33%     90.28MiB / 10.69GiB   0.83%	142
ksql-server         2.08%     110.5MiB / 10.69GiB   1.01%	142
schema-registry     2.11%     93.87MiB / 10.69GiB   0.86%	142
control-center      1.35%     90MiB / 10.69GiB      0.82%	142
zk-1                0.43%     95.89MiB / 10.69GiB   0.88%	142
Juan                2.54%     200.9MiB / 500MiB     40.19%	142
connect             2.33%     90.39MiB / 10.69GiB   0.83%	143
ksql-server         1.02%     110.6MiB / 10.69GiB   1.01%	143
schema-registry     0.88%     93.96MiB / 10.69GiB   0.86%	143
control-center      2.04%     90.12MiB / 10.69GiB   0.82%	143
zk-1                0.33%     95.89MiB / 10.69GiB   0.88%	143
Juan                2.20%     208MiB / 500MiB       41.60%	143
connect             0.76%     91.36MiB / 10.69GiB   0.83%	144
ksql-server         0.41%     110.7MiB / 10.69GiB   1.01%	144
schema-registry     0.84%     94.03MiB / 10.69GiB   0.86%	144
control-center      0.61%     90.2MiB / 10.69GiB    0.82%	144
zk-1                0.10%     95.89MiB / 10.69GiB   0.88%	144
Juan                0.97%     208MiB / 500MiB       41.60%	144
connect             2.79%     90.68MiB / 10.69GiB   0.83%	145
ksql-server         4.04%     110.8MiB / 10.69GiB   1.01%	145
schema-registry     1.15%     94.12MiB / 10.69GiB   0.86%	145
control-center      2.03%     90.29MiB / 10.69GiB   0.83%	145
zk-1                1.12%     95.89MiB / 10.69GiB   0.88%	145
Juan                4.01%     208MiB / 500MiB       41.60%	145
connect             2.24%     90.76MiB / 10.69GiB   0.83%	146
ksql-server         1.40%     110.8MiB / 10.69GiB   1.01%	146
schema-registry     2.99%     94.23MiB / 10.69GiB   0.86%	146
control-center      1.36%     90.37MiB / 10.69GiB   0.83%	146
zk-1                0.25%     95.89MiB / 10.69GiB   0.88%	146
Juan                8.06%     208MiB / 500MiB       41.61%	146
connect             2.21%     90.84MiB / 10.69GiB   0.83%	147
ksql-server         1.38%     110.9MiB / 10.69GiB   1.01%	147
schema-registry     1.37%     94.29MiB / 10.69GiB   0.86%	147
control-center      1.47%     90.44MiB / 10.69GiB   0.83%	147
zk-1                0.24%     95.89MiB / 10.69GiB   0.88%	147
Juan                9.18%     197.3MiB / 500MiB     39.47%	147
connect             1.91%     91.03MiB / 10.69GiB   0.83%	148
ksql-server         1.15%     111MiB / 10.69GiB     1.01%	148
schema-registry     2.60%     94.35MiB / 10.69GiB   0.86%	148
control-center      1.66%     90.5MiB / 10.69GiB    0.83%	148
zk-1                0.54%     95.89MiB / 10.69GiB   0.88%	148
Juan                3.54%     213.6MiB / 500MiB     42.72%	148
connect             1.06%     91.01MiB / 10.69GiB   0.83%	149
ksql-server         1.18%     111.1MiB / 10.69GiB   1.02%	149
schema-registry     0.91%     94.47MiB / 10.69GiB   0.86%	149
control-center      0.65%     90.64MiB / 10.69GiB   0.83%	149
zk-1                0.20%     95.89MiB / 10.69GiB   0.88%	149
Juan                2.69%     213.6MiB / 500MiB     42.72%	149
connect             3.40%     91.42MiB / 10.69GiB   0.84%	150
ksql-server         1.77%     111.2MiB / 10.69GiB   1.02%	150
schema-registry     1.25%     94.55MiB / 10.69GiB   0.86%	150
control-center      0.91%     90.71MiB / 10.69GiB   0.83%	150
zk-1                0.66%     95.89MiB / 10.69GiB   0.88%	150
Juan                1.44%     213.6MiB / 500MiB     42.72%	150
connect             3.13%     92MiB / 10.69GiB      0.84%	151
ksql-server         0.81%     111.3MiB / 10.69GiB   1.02%	151
schema-registry     2.70%     94.93MiB / 10.69GiB   0.87%	151
control-center      2.31%     91.3MiB / 10.69GiB    0.83%	151
zk-1                0.44%     95.89MiB / 10.69GiB   0.88%	151
Juan                1.45%     213.8MiB / 500MiB     42.76%	151
connect             4.34%     92.52MiB / 10.69GiB   0.85%	152
ksql-server         3.98%     111.7MiB / 10.69GiB   1.02%	152
control-center      1.34%     91.93MiB / 10.69GiB   0.84%	152
zk-1                0.17%     95.89MiB / 10.69GiB   0.88%	152
Juan                1.72%     213.8MiB / 500MiB     42.76%	152
connect             2.74%     93.05MiB / 10.69GiB   0.85%	153
ksql-server         2.91%     112.2MiB / 10.69GiB   1.03%	153
control-center      2.51%     92.46MiB / 10.69GiB   0.85%	153
zk-1                0.51%     95.89MiB / 10.69GiB   0.88%	153
Juan                2.67%     213.8MiB / 500MiB     42.76%	153
connect             6.60%     94MiB / 10.69GiB      0.86%	154
ksql-server         7.83%     113MiB / 10.69GiB     1.03%	154
control-center      4.96%     93.02MiB / 10.69GiB   0.85%	154
zk-1                0.46%     95.89MiB / 10.69GiB   0.88%	154
Juan                2.49%     213.8MiB / 500MiB     42.76%	154
connect             3.48%     94.47MiB / 10.69GiB   0.86%	155
ksql-server         4.36%     113.5MiB / 10.69GiB   1.04%	155
control-center      6.93%     93.54MiB / 10.69GiB   0.85%	155
zk-1                1.49%     95.89MiB / 10.69GiB   0.88%	155
Juan                2.33%     213.8MiB / 500MiB     42.76%	155
connect             1.18%     94.94MiB / 10.69GiB   0.87%	156
ksql-server         1.30%     113.9MiB / 10.69GiB   1.04%	156
control-center      0.68%     94.05MiB / 10.69GiB   0.86%	156
zk-1                0.19%     95.89MiB / 10.69GiB   0.88%	156
Juan                0.72%     214.3MiB / 500MiB     42.87%	156
connect             5.01%     95.43MiB / 10.69GiB   0.87%	157
ksql-server         0.93%     114.4MiB / 10.69GiB   1.05%	157
control-center      1.02%     94.53MiB / 10.69GiB   0.86%	157
zk-1                0.45%     95.89MiB / 10.69GiB   0.88%	157
Juan                1.24%     214.3MiB / 500MiB     42.87%	157
connect             0.69%     96MiB / 10.69GiB      0.88%	158
ksql-server         0.68%     115.1MiB / 10.69GiB   1.05%	158
control-center      0.54%     95.09MiB / 10.69GiB   0.87%	158
zk-1                0.13%     95.89MiB / 10.69GiB   0.88%	158
Juan                0.69%     214.3MiB / 500MiB     42.87%	158
connect             6.21%     100.6MiB / 10.69GiB   0.92%	159
ksql-server         2.04%     115.5MiB / 10.69GiB   1.06%	159
control-center      1.64%     95.6MiB / 10.69GiB    0.87%	159
zk-1                0.32%     95.89MiB / 10.69GiB   0.88%	159
Juan                1.72%     214.5MiB / 500MiB     42.89%	159
connect             0.47%     100.7MiB / 10.69GiB   0.92%	160
ksql-server         0.85%     116MiB / 10.69GiB     1.06%	160
control-center      0.61%     99.86MiB / 10.69GiB   0.91%	160
zk-1                0.14%     95.89MiB / 10.69GiB   0.88%	160
Juan                0.68%     214.3MiB / 500MiB     42.87%	160
connect             0.90%     101.1MiB / 10.69GiB   0.92%	161
ksql-server         12.72%    120.5MiB / 10.69GiB   1.10%	161
control-center      0.84%     99.98MiB / 10.69GiB   0.91%	161
zk-1                0.27%     95.89MiB / 10.69GiB   0.88%	161
Juan                1.82%     214.3MiB / 500MiB     42.87%	161
connect             3.61%     102.9MiB / 10.69GiB   0.94%	162
ksql-server         0.62%     121.5MiB / 10.69GiB   1.11%	162
control-center      0.86%     100.3MiB / 10.69GiB   0.92%	162
zk-1                0.18%     95.89MiB / 10.69GiB   0.88%	162
Juan                0.65%     214.3MiB / 500MiB     42.87%	162
connect             1.15%     102.9MiB / 10.69GiB   0.94%	163
ksql-server         1.68%     121.5MiB / 10.69GiB   1.11%	163
control-center      1.51%     100.3MiB / 10.69GiB   0.92%	163
zk-1                0.21%     95.89MiB / 10.69GiB   0.88%	163
Juan                17.40%    213.6MiB / 500MiB     42.71%	163
connect             0.70%     102.9MiB / 10.69GiB   0.94%	164
ksql-server         1.49%     121.6MiB / 10.69GiB   1.11%	164
control-center      1.00%     100.3MiB / 10.69GiB   0.92%	164
zk-1                0.78%     95.89MiB / 10.69GiB   0.88%	164
Juan                17.35%    214.2MiB / 500MiB     42.83%	164
connect             0.88%     102.9MiB / 10.69GiB   0.94%	165
ksql-server         1.19%     121.7MiB / 10.69GiB   1.11%	165
control-center      1.95%     100.4MiB / 10.69GiB   0.92%	165
zk-1                0.33%     95.89MiB / 10.69GiB   0.88%	165
Juan                25.51%    214.3MiB / 500MiB     42.87%	165
connect             1.11%     102.9MiB / 10.69GiB   0.94%	166
ksql-server         1.13%     121.6MiB / 10.69GiB   1.11%	166
control-center      0.85%     100.4MiB / 10.69GiB   0.92%	166
zk-1                0.23%     95.89MiB / 10.69GiB   0.88%	166
Juan                20.65%    214.5MiB / 500MiB     42.90%	166
connect             3.71%     102.9MiB / 10.69GiB   0.94%	167
ksql-server         0.92%     121.6MiB / 10.69GiB   1.11%	167
control-center      1.27%     100.4MiB / 10.69GiB   0.92%	167
zk-1                0.15%     95.89MiB / 10.69GiB   0.88%	167
Juan                95.90%    216.5MiB / 500MiB     43.29%	167
connect             3.11%     103.2MiB / 10.69GiB   0.94%	168
ksql-server         2.65%     121.7MiB / 10.69GiB   1.11%	168
control-center      3.63%     101.4MiB / 10.69GiB   0.93%	168
zk-1                0.35%     95.89MiB / 10.69GiB   0.88%	168
Juan                21.34%    210.5MiB / 500MiB     42.09%	168
connect             2.52%     103.3MiB / 10.69GiB   0.94%	169
ksql-server         0.85%     121.7MiB / 10.69GiB   1.11%	169
control-center      1.08%     101.5MiB / 10.69GiB   0.93%	169
zk-1                0.21%     95.89MiB / 10.69GiB   0.88%	169
Juan                11.34%    210.5MiB / 500MiB     42.09%	169
connect             1.50%     103.4MiB / 10.69GiB   0.94%	170
ksql-server         0.67%     122.1MiB / 10.69GiB   1.12%	170
control-center      0.75%     101.5MiB / 10.69GiB   0.93%	170
zk-1                0.21%     95.89MiB / 10.69GiB   0.88%	170
Juan                12.42%    210.3MiB / 500MiB     42.07%	170
connect             1.52%     103.4MiB / 10.69GiB   0.94%	171
ksql-server         1.07%     122.2MiB / 10.69GiB   1.12%	171
control-center      0.98%     101.6MiB / 10.69GiB   0.93%	171
zk-1                0.25%     95.89MiB / 10.69GiB   0.88%	171
Juan                15.19%    210.4MiB / 500MiB     42.07%	171
connect             5.01%     103.4MiB / 10.69GiB   0.95%	172
ksql-server         1.77%     122.2MiB / 10.69GiB   1.12%	172
control-center      1.35%     101.6MiB / 10.69GiB   0.93%	172
zk-1                0.35%     95.89MiB / 10.69GiB   0.88%	172
Juan                15.51%    210.6MiB / 500MiB     42.12%	172
connect             0.92%     103.4MiB / 10.69GiB   0.95%	173
ksql-server         1.54%     122.3MiB / 10.69GiB   1.12%	173
control-center      0.78%     101.6MiB / 10.69GiB   0.93%	173
zk-1                0.21%     95.89MiB / 10.69GiB   0.88%	173
Juan                19.36%    210.5MiB / 500MiB     42.10%	173
connect             0.65%     103.4MiB / 10.69GiB   0.95%	174
ksql-server         1.39%     122.3MiB / 10.69GiB   1.12%	174
control-center      0.62%     101.6MiB / 10.69GiB   0.93%	174
zk-1                0.19%     95.89MiB / 10.69GiB   0.88%	174
Juan                13.46%    210.7MiB / 500MiB     42.14%	174
connect             0.60%     103.4MiB / 10.69GiB   0.95%	175
ksql-server         0.98%     122.3MiB / 10.69GiB   1.12%	175
control-center      0.89%     101.6MiB / 10.69GiB   0.93%	175
zk-1                0.21%     95.9MiB / 10.69GiB    0.88%	175
Juan                13.11%    210.8MiB / 500MiB     42.17%	175
connect             1.14%     103.5MiB / 10.69GiB   0.95%	176
ksql-server         1.58%     122.3MiB / 10.69GiB   1.12%	176
control-center      1.56%     102MiB / 10.69GiB     0.93%	176
zk-1                0.22%     95.9MiB / 10.69GiB    0.88%	176
Juan                12.30%    211MiB / 500MiB       42.20%	176
connect             4.56%     103.7MiB / 10.69GiB   0.95%	177
ksql-server         0.75%     122.4MiB / 10.69GiB   1.12%	177
control-center      0.79%     102.1MiB / 10.69GiB   0.93%	177
zk-1                0.15%     95.9MiB / 10.69GiB    0.88%	177
Juan                101.10%   211.7MiB / 500MiB     42.34%	177
connect             0.73%     103.7MiB / 10.69GiB   0.95%	178
ksql-server         2.17%     122.5MiB / 10.69GiB   1.12%	178
control-center      0.63%     102.1MiB / 10.69GiB   0.93%	178
zk-1                0.62%     95.9MiB / 10.69GiB    0.88%	178
Juan                100.16%   213.9MiB / 500MiB     42.77%	178
ksql-server         1.31%     122.5MiB / 10.69GiB   1.12%	179
control-center      0.92%     102.1MiB / 10.69GiB   0.93%	179
zk-1                0.30%     95.9MiB / 10.69GiB    0.88%	179
Juan                9.48%     212.4MiB / 500MiB     42.47%	179
ksql-server         1.11%     122.5MiB / 10.69GiB   1.12%	180
control-center      4.17%     102.2MiB / 10.69GiB   0.93%	180
zk-1                0.32%     95.9MiB / 10.69GiB    0.88%	180
Juan                20.82%    212.5MiB / 500MiB     42.50%	180
ksql-server         0.82%     122.5MiB / 10.69GiB   1.12%	181
control-center      0.53%     102.2MiB / 10.69GiB   0.93%	181
zk-1                0.15%     95.9MiB / 10.69GiB    0.88%	181
Juan                8.87%     212.8MiB / 500MiB     42.56%	181
ksql-server         1.56%     122.5MiB / 10.69GiB   1.12%	182
control-center      0.83%     102.2MiB / 10.69GiB   0.93%	182
zk-1                0.45%     95.9MiB / 10.69GiB    0.88%	182
Juan                22.03%    212.6MiB / 500MiB     42.51%	182
ksql-server         0.63%     122.6MiB / 10.69GiB   1.12%	183
control-center      0.70%     102.2MiB / 10.69GiB   0.93%	183
zk-1                0.18%     95.9MiB / 10.69GiB    0.88%	183
Juan                10.67%    212.5MiB / 500MiB     42.51%	183
ksql-server         1.20%     122.6MiB / 10.69GiB   1.12%	184
control-center      1.42%     102.2MiB / 10.69GiB   0.93%	184
zk-1                0.25%     95.9MiB / 10.69GiB    0.88%	184
Juan                19.41%    212.6MiB / 500MiB     42.51%	184
ksql-server         1.04%     122.6MiB / 10.69GiB   1.12%	185
control-center      0.79%     102.2MiB / 10.69GiB   0.93%	185
zk-1                0.15%     95.9MiB / 10.69GiB    0.88%	185
Juan                1.45%     212.5MiB / 500MiB     42.51%	185
ksql-server         1.19%     122.6MiB / 10.69GiB   1.12%	186
control-center      2.58%     102.2MiB / 10.69GiB   0.93%	186
zk-1                0.39%     95.9MiB / 10.69GiB    0.88%	186
Juan                19.71%    212.7MiB / 500MiB     42.53%	186
ksql-server         0.78%     122.6MiB / 10.69GiB   1.12%	187
control-center      0.43%     102.2MiB / 10.69GiB   0.93%	187
zk-1                0.14%     95.9MiB / 10.69GiB    0.88%	187
Juan                14.29%    212.7MiB / 500MiB     42.55%	187
ksql-server         0.55%     122.6MiB / 10.69GiB   1.12%	188
control-center      0.38%     102.2MiB / 10.69GiB   0.93%	188
zk-1                0.09%     95.9MiB / 10.69GiB    0.88%	188
Juan                100.15%   202.2MiB / 500MiB     40.44%	188
ksql-server         0.47%     122.6MiB / 10.69GiB   1.12%	189
control-center      1.45%     102.2MiB / 10.69GiB   0.93%	189
zk-1                0.16%     95.9MiB / 10.69GiB    0.88%	189
Juan                23.24%    202.4MiB / 500MiB     40.48%	189
ksql-server         1.70%     122.6MiB / 10.69GiB   1.12%	190
control-center      2.81%     102.4MiB / 10.69GiB   0.94%	190
zk-1                0.17%     95.9MiB / 10.69GiB    0.88%	190
Juan                33.93%    209.4MiB / 500MiB     41.88%	190
ksql-server         4.30%     122.6MiB / 10.69GiB   1.12%	191
control-center      3.84%     102.3MiB / 10.69GiB   0.94%	191
zk-1                0.19%     95.9MiB / 10.69GiB    0.88%	191
Juan                23.87%    210.1MiB / 500MiB     42.03%	191
ksql-server         1.05%     122.6MiB / 10.69GiB   1.12%	192
control-center      1.35%     102.8MiB / 10.69GiB   0.94%	192
zk-1                0.35%     95.9MiB / 10.69GiB    0.88%	192
Juan                17.15%    210.1MiB / 500MiB     42.02%	192
ksql-server         1.27%     122.7MiB / 10.69GiB   1.12%	193
control-center      0.78%     102.7MiB / 10.69GiB   0.94%	193
zk-1                0.21%     95.9MiB / 10.69GiB    0.88%	193
Juan                9.96%     210.2MiB / 500MiB     42.04%	193
ksql-server         0.56%     123.2MiB / 10.69GiB   1.13%	194
control-center      1.03%     102.8MiB / 10.69GiB   0.94%	194
zk-1                0.16%     95.9MiB / 10.69GiB    0.88%	194
Juan                19.54%    210.2MiB / 500MiB     42.03%	194
ksql-server         1.22%     123.2MiB / 10.69GiB   1.13%	195
control-center      0.99%     102.8MiB / 10.69GiB   0.94%	195
zk-1                0.39%     95.9MiB / 10.69GiB    0.88%	195
Juan                27.70%    210.1MiB / 500MiB     42.02%	195
ksql-server         2.15%     123.2MiB / 10.69GiB   1.13%	196
control-center      1.93%     102.8MiB / 10.69GiB   0.94%	196
zk-1                0.41%     95.9MiB / 10.69GiB    0.88%	196
Juan                19.39%    213.5MiB / 500MiB     42.70%	196
ksql-server         1.18%     123.2MiB / 10.69GiB   1.13%	197
control-center      1.36%     102.8MiB / 10.69GiB   0.94%	197
zk-1                0.61%     95.9MiB / 10.69GiB    0.88%	197
Juan                21.66%    213.5MiB / 500MiB     42.70%	197
control-center      1.15%     102.8MiB / 10.69GiB   0.94%	198
zk-1                0.43%     95.9MiB / 10.69GiB    0.88%	198
Juan                29.11%    213.7MiB / 500MiB     42.75%	198
control-center      0.59%     102.8MiB / 10.69GiB   0.94%	199
zk-1                0.09%     95.9MiB / 10.69GiB    0.88%	199
Juan                96.35%    217.3MiB / 500MiB     43.45%	199
control-center      2.69%     102.8MiB / 10.69GiB   0.94%	200
zk-1                0.82%     95.9MiB / 10.69GiB    0.88%	200
Juan                24.19%    222.8MiB / 500MiB     44.56%	200
control-center      4.09%     102.8MiB / 10.69GiB   0.94%	201
zk-1                0.64%     95.9MiB / 10.69GiB    0.88%	201
Juan                21.38%    221.1MiB / 500MiB     44.22%	201
control-center      1.63%     102.8MiB / 10.69GiB   0.94%	202
zk-1                0.29%     95.9MiB / 10.69GiB    0.88%	202
Juan                18.35%    221.1MiB / 500MiB     44.21%	202
control-center      4.44%     102.9MiB / 10.69GiB   0.94%	203
zk-1                0.22%     95.9MiB / 10.69GiB    0.88%	203
Juan                29.11%    221.4MiB / 500MiB     44.27%	203
control-center      1.10%     103.4MiB / 10.69GiB   0.94%	204
zk-1                0.27%     95.9MiB / 10.69GiB    0.88%	204
Juan                18.02%    221.6MiB / 500MiB     44.32%	204
control-center      1.11%     103.4MiB / 10.69GiB   0.94%	205
zk-1                0.27%     95.9MiB / 10.69GiB    0.88%	205
Juan                17.42%    202.9MiB / 500MiB     40.57%	205
control-center      3.77%     102.4MiB / 10.69GiB   0.94%	206
zk-1                0.57%     95.9MiB / 10.69GiB    0.88%	206
Juan                24.27%    203.1MiB / 500MiB     40.63%	206
control-center      1.19%     102.7MiB / 10.69GiB   0.94%	207
zk-1                0.18%     95.9MiB / 10.69GiB    0.88%	207
Juan                17.38%    202.4MiB / 500MiB     40.48%	207
control-center      1.48%     103.2MiB / 10.69GiB   0.94%	208
zk-1                0.66%     95.9MiB / 10.69GiB    0.88%	208
Juan                24.14%    202.9MiB / 500MiB     40.59%	208
control-center      0.40%     103.6MiB / 10.69GiB   0.95%	209
zk-1                0.12%     95.9MiB / 10.69GiB    0.88%	209
Juan                99.36%    209.3MiB / 500MiB     41.86%	209
control-center      4.13%     105.3MiB / 10.69GiB   0.96%	210
zk-1                0.21%     95.9MiB / 10.69GiB    0.88%	210
Juan                35.63%    212.3MiB / 500MiB     42.46%	210
control-center      1.62%     104.5MiB / 10.69GiB   0.96%	211
zk-1                0.55%     95.9MiB / 10.69GiB    0.88%	211
Juan                20.45%    210.6MiB / 500MiB     42.12%	211
control-center      0.67%     105MiB / 10.69GiB     0.96%	212
zk-1                0.18%     95.9MiB / 10.69GiB    0.88%	212
Juan                14.22%    210MiB / 500MiB       42.00%	212
control-center      0.72%     105.4MiB / 10.69GiB   0.96%	213
zk-1                0.17%     95.9MiB / 10.69GiB    0.88%	213
Juan                11.62%    210.5MiB / 500MiB     42.10%	213
control-center      3.99%     105.9MiB / 10.69GiB   0.97%	214
zk-1                0.24%     95.9MiB / 10.69GiB    0.88%	214
Juan                20.26%    211MiB / 500MiB       42.21%	214
control-center      1.85%     106.4MiB / 10.69GiB   0.97%	215
zk-1                0.55%     95.9MiB / 10.69GiB    0.88%	215
Juan                19.64%    210.5MiB / 500MiB     42.10%	215
control-center      1.03%     106.8MiB / 10.69GiB   0.98%	216
zk-1                0.37%     95.9MiB / 10.69GiB    0.88%	216
Juan                18.70%    210.7MiB / 500MiB     42.13%	216
control-center      1.34%     107.3MiB / 10.69GiB   0.98%	217
zk-1                0.35%     95.9MiB / 10.69GiB    0.88%	217
Juan                21.69%    210.9MiB / 500MiB     42.18%	217
control-center      0.82%     107.8MiB / 10.69GiB   0.99%	218
zk-1                0.26%     95.9MiB / 10.69GiB    0.88%	218
Juan                16.11%    210.6MiB / 500MiB     42.12%	218
control-center      1.03%     108.3MiB / 10.69GiB   0.99%	219
zk-1                0.24%     95.9MiB / 10.69GiB    0.88%	219
Juan                22.06%    210.8MiB / 500MiB     42.16%	219
control-center      0.45%     108.7MiB / 10.69GiB   0.99%	220
zk-1                0.10%     95.9MiB / 10.69GiB    0.88%	220
Juan                84.83%    213.7MiB / 500MiB     42.75%	220
control-center      0.79%     109.2MiB / 10.69GiB   1.00%	221
zk-1                0.40%     95.9MiB / 10.69GiB    0.88%	221
Juan                19.31%    213.8MiB / 500MiB     42.75%	221
control-center      0.62%     111.7MiB / 10.69GiB   1.02%	222
zk-1                0.33%     95.9MiB / 10.69GiB    0.88%	222
Juan                14.54%    211.4MiB / 500MiB     42.28%	222
control-center      1.32%     111.1MiB / 10.69GiB   1.02%	223
zk-1                0.38%     95.9MiB / 10.69GiB    0.88%	223
Juan                19.29%    211.4MiB / 500MiB     42.27%	223
control-center      6.02%     111.5MiB / 10.69GiB   1.02%	224
zk-1                0.53%     95.9MiB / 10.69GiB    0.88%	224
Juan                24.54%    211.7MiB / 500MiB     42.34%	224
control-center      0.93%     112MiB / 10.69GiB     1.02%	225
zk-1                0.27%     95.9MiB / 10.69GiB    0.88%	225
Juan                20.26%    211.7MiB / 500MiB     42.34%	225
control-center      0.85%     112.3MiB / 10.69GiB   1.03%	226
zk-1                0.51%     95.9MiB / 10.69GiB    0.88%	226
Juan                20.66%    211.6MiB / 500MiB     42.32%	226
control-center      1.30%     112.8MiB / 10.69GiB   1.03%	227
zk-1                1.75%     95.9MiB / 10.69GiB    0.88%	227
Juan                23.52%    211MiB / 500MiB       42.20%	227
control-center      0.66%     113.2MiB / 10.69GiB   1.03%	228
zk-1                0.27%     95.9MiB / 10.69GiB    0.88%	228
Juan                16.38%    211.5MiB / 500MiB     42.30%	228
control-center      0.87%     113.6MiB / 10.69GiB   1.04%	229
zk-1                0.54%     95.9MiB / 10.69GiB    0.88%	229
Juan                15.77%    211MiB / 500MiB       42.19%	229
control-center      0.40%     114.1MiB / 10.69GiB   1.04%	230
zk-1                0.14%     95.9MiB / 10.69GiB    0.88%	230
Juan                100.24%   211.9MiB / 500MiB     42.38%	230
control-center      0.35%     114.5MiB / 10.69GiB   1.05%	231
zk-1                0.12%     95.9MiB / 10.69GiB    0.88%	231
Juan                87.50%    222.7MiB / 500MiB     44.54%	231
control-center      0.62%     114.9MiB / 10.69GiB   1.05%	232
zk-1                0.19%     95.9MiB / 10.69GiB    0.88%	232
Juan                28.86%    221.7MiB / 500MiB     44.33%	232
control-center      0.83%     115.3MiB / 10.69GiB   1.05%	233
zk-1                0.36%     95.9MiB / 10.69GiB    0.88%	233
Juan                17.79%    217.1MiB / 500MiB     43.43%	233
control-center      1.44%     115.8MiB / 10.69GiB   1.06%	234
zk-1                0.31%     95.9MiB / 10.69GiB    0.88%	234
Juan                18.41%    217.1MiB / 500MiB     43.42%	234
control-center      1.36%     116.2MiB / 10.69GiB   1.06%	235
zk-1                0.28%     95.9MiB / 10.69GiB    0.88%	235
Juan                19.67%    217.1MiB / 500MiB     43.42%	235
control-center      0.88%     116.6MiB / 10.69GiB   1.07%	236
zk-1                0.33%     95.9MiB / 10.69GiB    0.88%	236
Juan                15.35%    221.6MiB / 500MiB     44.33%	236
zk-1                3.92%     95.92MiB / 10.69GiB   0.88%	237
Juan                23.19%    222.4MiB / 500MiB     44.47%	237
control-center      100.91%   18.17MiB / 10.69GiB   0.17%	238
zk-1                0.09%     95.92MiB / 10.69GiB   0.88%	238
Juan                8.50%     222.3MiB / 500MiB     44.46%	238
control-center      2.65%     90.15MiB / 10.69GiB   0.82%	239
zk-1                0.52%     95.92MiB / 10.69GiB   0.88%	239
Juan                14.95%    222.7MiB / 500MiB     44.53%	239
control-center      4.19%     89.44MiB / 10.69GiB   0.82%	240
zk-1                0.25%     95.92MiB / 10.69GiB   0.88%	240
Juan                17.21%    223MiB / 500MiB       44.61%	240
control-center      1.07%     89.99MiB / 10.69GiB   0.82%	241
zk-1                0.12%     95.92MiB / 10.69GiB   0.88%	241
Juan                96.55%    226.3MiB / 500MiB     45.25%	241
control-center      2.96%     90.57MiB / 10.69GiB   0.83%	242
zk-1                0.62%     95.92MiB / 10.69GiB   0.88%	242
Juan                17.98%    225.6MiB / 500MiB     45.12%	242
control-center      1.48%     91.13MiB / 10.69GiB   0.83%	243
zk-1                0.26%     95.92MiB / 10.69GiB   0.88%	243
Juan                15.80%    215.4MiB / 500MiB     43.07%	243
control-center      2.21%     91.57MiB / 10.69GiB   0.84%	244
zk-1                0.31%     95.92MiB / 10.69GiB   0.88%	244
Juan                13.26%    214.7MiB / 500MiB     42.95%	244
control-center      1.41%     92.14MiB / 10.69GiB   0.84%	245
zk-1                0.20%     95.92MiB / 10.69GiB   0.88%	245
Juan                14.29%    215.2MiB / 500MiB     43.05%	245
control-center      1.93%     92.73MiB / 10.69GiB   0.85%	246
zk-1                1.73%     95.92MiB / 10.69GiB   0.88%	246
Juan                24.68%    215.4MiB / 500MiB     43.08%	246
control-center      1.83%     93.24MiB / 10.69GiB   0.85%	247
zk-1                0.29%     95.92MiB / 10.69GiB   0.88%	247
Juan                20.04%    215.3MiB / 500MiB     43.06%	247
control-center      2.87%     93.78MiB / 10.69GiB   0.86%	248
zk-1                0.18%     95.92MiB / 10.69GiB   0.88%	248
Juan                17.27%    215.3MiB / 500MiB     43.07%	248
control-center      0.75%     94.3MiB / 10.69GiB    0.86%	249
zk-1                0.15%     95.92MiB / 10.69GiB   0.88%	249
Juan                14.63%    215.3MiB / 500MiB     43.06%	249
control-center      9.05%     98.68MiB / 10.69GiB   0.90%	250
zk-1                0.32%     95.92MiB / 10.69GiB   0.88%	250
Juan                14.97%    214.9MiB / 500MiB     42.98%	250
control-center      0.59%     98.77MiB / 10.69GiB   0.90%	251
zk-1                0.13%     95.92MiB / 10.69GiB   0.88%	251
Juan                83.27%    217.5MiB / 500MiB     43.50%	251
control-center      0.53%     99MiB / 10.69GiB      0.90%	252
zk-1                0.11%     95.92MiB / 10.69GiB   0.88%	252
Juan                100.20%   220.2MiB / 500MiB     44.04%	252
control-center      1.50%     99.01MiB / 10.69GiB   0.90%	253
zk-1                0.20%     95.92MiB / 10.69GiB   0.88%	253
Juan                13.81%    219.2MiB / 500MiB     43.85%	253
control-center      1.05%     99.01MiB / 10.69GiB   0.90%	254
zk-1                0.30%     95.92MiB / 10.69GiB   0.88%	254
Juan                16.37%    217.7MiB / 500MiB     43.54%	254
control-center      1.93%     99.1MiB / 10.69GiB    0.91%	255
zk-1                1.23%     95.92MiB / 10.69GiB   0.88%	255
Juan                24.76%    224.9MiB / 500MiB     44.98%	255
control-center      2.28%     99.11MiB / 10.69GiB   0.91%	256
zk-1                0.66%     95.92MiB / 10.69GiB   0.88%	256
Juan                22.55%    224.8MiB / 500MiB     44.95%	256
control-center      2.54%     99.15MiB / 10.69GiB   0.91%	257
zk-1                0.43%     95.92MiB / 10.69GiB   0.88%	257
Juan                17.89%    224.9MiB / 500MiB     44.97%	257
control-center      1.04%     100.2MiB / 10.69GiB   0.92%	258
zk-1                0.14%     95.92MiB / 10.69GiB   0.88%	258
Juan                9.45%     216MiB / 500MiB       43.19%	258
control-center      2.68%     100.3MiB / 10.69GiB   0.92%	259
zk-1                0.33%     95.92MiB / 10.69GiB   0.88%	259
Juan                14.17%    216.1MiB / 500MiB     43.22%	259
control-center      3.41%     100.3MiB / 10.69GiB   0.92%	260
zk-1                0.21%     95.92MiB / 10.69GiB   0.88%	260
Juan                21.80%    216.2MiB / 500MiB     43.23%	260
control-center      1.65%     100.3MiB / 10.69GiB   0.92%	261
zk-1                0.20%     95.92MiB / 10.69GiB   0.88%	261
Juan                18.76%    216.2MiB / 500MiB     43.24%	261
control-center      2.68%     100.4MiB / 10.69GiB   0.92%	262
zk-1                0.12%     95.92MiB / 10.69GiB   0.88%	262
Juan                78.09%    219.9MiB / 500MiB     43.99%	262
control-center      1.65%     100.4MiB / 10.69GiB   0.92%	263
zk-1                0.47%     95.92MiB / 10.69GiB   0.88%	263
Juan                20.74%    220MiB / 500MiB       44.01%	263
control-center      1.00%     100.4MiB / 10.69GiB   0.92%	264
zk-1                0.21%     95.92MiB / 10.69GiB   0.88%	264
Juan                14.53%    217.8MiB / 500MiB     43.56%	264
control-center      2.47%     100.4MiB / 10.69GiB   0.92%	265
zk-1                0.31%     95.92MiB / 10.69GiB   0.88%	265
Juan                27.45%    217.3MiB / 500MiB     43.46%	265
control-center      1.59%     100.5MiB / 10.69GiB   0.92%	266
zk-1                0.24%     95.92MiB / 10.69GiB   0.88%	266
Juan                11.73%    217.9MiB / 500MiB     43.58%	266
control-center      0.88%     100.6MiB / 10.69GiB   0.92%	267
zk-1                0.66%     95.92MiB / 10.69GiB   0.88%	267
Juan                9.39%     217.5MiB / 500MiB     43.50%	267
control-center      1.21%     100.6MiB / 10.69GiB   0.92%	268
zk-1                0.37%     95.92MiB / 10.69GiB   0.88%	268
Juan                15.46%    217.2MiB / 500MiB     43.45%	268
control-center      0.91%     100.6MiB / 10.69GiB   0.92%	269
zk-1                0.22%     95.92MiB / 10.69GiB   0.88%	269
Juan                10.05%    213.1MiB / 500MiB     42.61%	269
control-center      1.21%     100.6MiB / 10.69GiB   0.92%	270
zk-1                0.20%     95.92MiB / 10.69GiB   0.88%	270
Juan                12.13%    213.7MiB / 500MiB     42.75%	270
control-center      0.67%     100.6MiB / 10.69GiB   0.92%	271
zk-1                0.16%     95.92MiB / 10.69GiB   0.88%	271
Juan                21.46%    213.6MiB / 500MiB     42.72%	271
control-center      2.06%     100.6MiB / 10.69GiB   0.92%	272
zk-1                0.25%     95.92MiB / 10.69GiB   0.88%	272
Juan                68.76%    213.7MiB / 500MiB     42.74%	272
control-center      0.61%     100.6MiB / 10.69GiB   0.92%	273
zk-1                0.14%     95.92MiB / 10.69GiB   0.88%	273
Juan                99.67%    215.8MiB / 500MiB     43.17%	273
control-center      0.82%     100.6MiB / 10.69GiB   0.92%	274
zk-1                0.18%     95.92MiB / 10.69GiB   0.88%	274
Juan                18.05%    215.8MiB / 500MiB     43.16%	274
control-center      0.52%     100.7MiB / 10.69GiB   0.92%	275
zk-1                0.34%     95.92MiB / 10.69GiB   0.88%	275
Juan                28.00%    214.5MiB / 500MiB     42.90%	275
control-center      0.94%     100.7MiB / 10.69GiB   0.92%	276
zk-1                0.42%     95.92MiB / 10.69GiB   0.88%	276
Juan                28.66%    214.2MiB / 500MiB     42.84%	276
control-center      3.82%     100.7MiB / 10.69GiB   0.92%	277
zk-1                0.24%     95.93MiB / 10.69GiB   0.88%	277
Juan                26.26%    214.6MiB / 500MiB     42.92%	277
control-center      0.66%     100.8MiB / 10.69GiB   0.92%	278
zk-1                0.14%     95.93MiB / 10.69GiB   0.88%	278
Juan                15.90%    214.7MiB / 500MiB     42.93%	278
control-center      0.70%     100.8MiB / 10.69GiB   0.92%	279
zk-1                0.75%     95.93MiB / 10.69GiB   0.88%	279
Juan                29.38%    224.7MiB / 500MiB     44.94%	279
control-center      2.30%     100.8MiB / 10.69GiB   0.92%	280
zk-1                0.24%     95.93MiB / 10.69GiB   0.88%	280
Juan                20.80%    224.4MiB / 500MiB     44.88%	280
control-center      3.29%     100.9MiB / 10.69GiB   0.92%	281
zk-1                0.15%     95.93MiB / 10.69GiB   0.88%	281
Juan                24.95%    219.4MiB / 500MiB     43.89%	281
control-center      1.01%     100.9MiB / 10.69GiB   0.92%	282
zk-1                0.22%     95.93MiB / 10.69GiB   0.88%	282
Juan                23.95%    220.4MiB / 500MiB     44.08%	282
control-center      0.40%     100.9MiB / 10.69GiB   0.92%	283
zk-1                0.13%     95.93MiB / 10.69GiB   0.88%	283
Juan                99.78%    221.7MiB / 500MiB     44.34%	283
control-center      0.55%     101.3MiB / 10.69GiB   0.93%	284
zk-1                0.13%     95.93MiB / 10.69GiB   0.88%	284
Juan                93.76%    224.3MiB / 500MiB     44.86%	284
control-center      0.43%     101.3MiB / 10.69GiB   0.93%	285
zk-1                0.13%     95.93MiB / 10.69GiB   0.88%	285
Juan                80.54%    223.9MiB / 500MiB     44.78%	285
control-center      1.11%     101.3MiB / 10.69GiB   0.93%	286
zk-1                0.17%     95.93MiB / 10.69GiB   0.88%	286
Juan                21.83%    222.6MiB / 500MiB     44.52%	286
control-center      0.89%     101.3MiB / 10.69GiB   0.93%	287
zk-1                0.19%     95.93MiB / 10.69GiB   0.88%	287
Juan                24.41%    222.5MiB / 500MiB     44.50%	287
control-center      1.03%     101.3MiB / 10.69GiB   0.93%	288
zk-1                0.17%     95.93MiB / 10.69GiB   0.88%	288
Juan                19.38%    222.9MiB / 500MiB     44.58%	288
control-center      1.50%     101.3MiB / 10.69GiB   0.93%	289
zk-1                0.16%     95.93MiB / 10.69GiB   0.88%	289
Juan                21.72%    223.1MiB / 500MiB     44.61%	289
control-center      0.79%     101.3MiB / 10.69GiB   0.93%	290
zk-1                0.24%     95.93MiB / 10.69GiB   0.88%	290
Juan                22.50%    223.2MiB / 500MiB     44.63%	290
control-center      0.72%     101.3MiB / 10.69GiB   0.93%	291
zk-1                0.17%     95.93MiB / 10.69GiB   0.88%	291
Juan                21.70%    223.2MiB / 500MiB     44.64%	291
control-center      1.19%     101.3MiB / 10.69GiB   0.93%	292
zk-1                0.23%     95.93MiB / 10.69GiB   0.88%	292
Juan                25.80%    223.4MiB / 500MiB     44.68%	292
control-center      1.22%     101.3MiB / 10.69GiB   0.93%	293
zk-1                0.32%     95.93MiB / 10.69GiB   0.88%	293
Juan                24.15%    223.4MiB / 500MiB     44.69%	293
control-center      0.69%     101.3MiB / 10.69GiB   0.93%	294
zk-1                0.21%     95.93MiB / 10.69GiB   0.88%	294
Juan                100.67%   223.9MiB / 500MiB     44.79%	294
control-center      0.48%     101.5MiB / 10.69GiB   0.93%	295
zk-1                0.11%     95.93MiB / 10.69GiB   0.88%	295
Juan                80.73%    226.4MiB / 500MiB     45.27%	295
control-center      1.11%     101.6MiB / 10.69GiB   0.93%	296
zk-1                0.36%     95.93MiB / 10.69GiB   0.88%	296
Juan                99.81%    225.8MiB / 500MiB     45.16%	296
control-center      0.68%     101.6MiB / 10.69GiB   0.93%	297
zk-1                0.21%     95.93MiB / 10.69GiB   0.88%	297
Juan                28.42%    225MiB / 500MiB       44.99%	297
control-center      0.85%     101.8MiB / 10.69GiB   0.93%	298
zk-1                0.29%     95.93MiB / 10.69GiB   0.88%	298
Juan                26.47%    225MiB / 500MiB       45.00%	298
control-center      0.91%     102.4MiB / 10.69GiB   0.94%	299
zk-1                0.18%     95.93MiB / 10.69GiB   0.88%	299
Juan                24.28%    225MiB / 500MiB       45.00%	299
control-center      0.60%     102.7MiB / 10.69GiB   0.94%	300
zk-1                0.20%     95.93MiB / 10.69GiB   0.88%	300
Juan                23.37%    225MiB / 500MiB       45.00%	300
control-center      4.48%     105.3MiB / 10.69GiB   0.96%	301
zk-1                0.16%     95.93MiB / 10.69GiB   0.88%	301
Juan                21.23%    225.1MiB / 500MiB     45.03%	301
control-center      0.94%     104.3MiB / 10.69GiB   0.95%	302
zk-1                0.23%     95.93MiB / 10.69GiB   0.88%	302
Juan                29.09%    225MiB / 500MiB       45.00%	302
control-center      0.71%     104.7MiB / 10.69GiB   0.96%	303
zk-1                0.18%     95.93MiB / 10.69GiB   0.88%	303
Juan                24.91%    225MiB / 500MiB       44.99%	303
control-center      0.61%     105.2MiB / 10.69GiB   0.96%	304
zk-1                0.14%     95.93MiB / 10.69GiB   0.88%	304
Juan                25.56%    224.7MiB / 500MiB     44.94%	304
control-center      0.47%     105.5MiB / 10.69GiB   0.96%	305
zk-1                0.16%     95.93MiB / 10.69GiB   0.88%	305
Juan                57.69%    224.8MiB / 500MiB     44.95%	305
control-center      0.33%     106MiB / 10.69GiB     0.97%	306
zk-1                0.09%     95.93MiB / 10.69GiB   0.88%	306
Juan                100.15%   225.6MiB / 500MiB     45.12%	306
control-center      0.57%     106.4MiB / 10.69GiB   0.97%	307
zk-1                0.12%     95.93MiB / 10.69GiB   0.88%	307
Juan                100.17%   228.4MiB / 500MiB     45.69%	307
control-center      0.55%     107.1MiB / 10.69GiB   0.98%	308
zk-1                0.13%     95.93MiB / 10.69GiB   0.88%	308
Juan                41.88%    235.5MiB / 500MiB     47.11%	308
control-center      0.94%     107.6MiB / 10.69GiB   0.98%	309
zk-1                0.16%     95.93MiB / 10.69GiB   0.88%	309
Juan                23.76%    227.4MiB / 500MiB     45.47%	309
control-center      0.74%     108MiB / 10.69GiB     0.99%	310
zk-1                0.15%     95.93MiB / 10.69GiB   0.88%	310
Juan                22.36%    227.9MiB / 500MiB     45.58%	310
control-center      1.19%     108.5MiB / 10.69GiB   0.99%	311
zk-1                0.15%     95.93MiB / 10.69GiB   0.88%	311
Juan                18.61%    227.9MiB / 500MiB     45.57%	311
control-center      0.82%     108.9MiB / 10.69GiB   1.00%	312
zk-1                0.49%     95.93MiB / 10.69GiB   0.88%	312
Juan                28.97%    227.9MiB / 500MiB     45.57%	312
control-center      1.04%     109.4MiB / 10.69GiB   1.00%	313
zk-1                0.33%     95.93MiB / 10.69GiB   0.88%	313
Juan                26.47%    228.1MiB / 500MiB     45.62%	313
control-center      0.60%     109.8MiB / 10.69GiB   1.00%	314
zk-1                0.18%     95.93MiB / 10.69GiB   0.88%	314
Juan                19.64%    227.6MiB / 500MiB     45.52%	314
control-center      0.88%     110.2MiB / 10.69GiB   1.01%	315
zk-1                0.26%     95.93MiB / 10.69GiB   0.88%	315
Juan                24.83%    229.1MiB / 500MiB     45.82%	315
control-center      2.35%     110.6MiB / 10.69GiB   1.01%	316
zk-1                0.17%     95.93MiB / 10.69GiB   0.88%	316
Juan                24.30%    229.1MiB / 500MiB     45.82%	316
control-center      0.37%     111MiB / 10.69GiB     1.01%	317
zk-1                0.12%     95.93MiB / 10.69GiB   0.88%	317
Juan                100.48%   230.3MiB / 500MiB     46.06%	317
control-center      0.32%     111.5MiB / 10.69GiB   1.02%	318
zk-1                0.10%     95.93MiB / 10.69GiB   0.88%	318
Juan                100.01%   232.8MiB / 500MiB     46.55%	318
control-center      0.41%     111.9MiB / 10.69GiB   1.02%	319
zk-1                0.11%     95.93MiB / 10.69GiB   0.88%	319
Juan                96.22%    233.1MiB / 500MiB     46.62%	319
control-center      0.78%     112.3MiB / 10.69GiB   1.03%	320
zk-1                0.18%     95.93MiB / 10.69GiB   0.88%	320
Juan                25.90%    231.1MiB / 500MiB     46.23%	320
control-center      0.79%     112.8MiB / 10.69GiB   1.03%	321
zk-1                0.17%     95.93MiB / 10.69GiB   0.88%	321
Juan                22.13%    231.2MiB / 500MiB     46.24%	321
control-center      1.01%     113.2MiB / 10.69GiB   1.03%	322
zk-1                0.20%     95.93MiB / 10.69GiB   0.88%	322
Juan                25.81%    231.5MiB / 500MiB     46.31%	322
control-center      0.99%     113.7MiB / 10.69GiB   1.04%	323
zk-1                0.20%     95.93MiB / 10.69GiB   0.88%	323
Juan                27.22%    231.3MiB / 500MiB     46.25%	323
control-center      0.59%     114.1MiB / 10.69GiB   1.04%	324
zk-1                0.11%     95.93MiB / 10.69GiB   0.88%	324
Juan                18.63%    231.2MiB / 500MiB     46.24%	324
control-center      1.23%     114.5MiB / 10.69GiB   1.05%	325
zk-1                0.18%     95.93MiB / 10.69GiB   0.88%	325
Juan                21.58%    231.4MiB / 500MiB     46.28%	325
control-center      0.69%     115MiB / 10.69GiB     1.05%	326
zk-1                0.17%     95.93MiB / 10.69GiB   0.88%	326
Juan                20.73%    231.2MiB / 500MiB     46.24%	326
control-center      0.83%     115.4MiB / 10.69GiB   1.05%	327
zk-1                0.15%     95.93MiB / 10.69GiB   0.88%	327
Juan                27.23%    231.1MiB / 500MiB     46.22%	327
control-center      0.53%     115.9MiB / 10.69GiB   1.06%	328
zk-1                0.08%     95.93MiB / 10.69GiB   0.88%	328
Juan                100.42%   231.7MiB / 500MiB     46.34%	328
control-center      0.55%     116.3MiB / 10.69GiB   1.06%	329
zk-1                0.11%     95.93MiB / 10.69GiB   0.88%	329
Juan                70.43%    233.9MiB / 500MiB     46.78%	329
control-center      0.36%     116.7MiB / 10.69GiB   1.07%	330
zk-1                0.12%     95.93MiB / 10.69GiB   0.88%	330
Juan                85.32%    234.4MiB / 500MiB     46.88%	330
control-center      0.58%     117.1MiB / 10.69GiB   1.07%	331
zk-1                0.38%     95.93MiB / 10.69GiB   0.88%	331
Juan                20.53%    232.2MiB / 500MiB     46.43%	331
control-center      1.14%     117.7MiB / 10.69GiB   1.08%	332
zk-1                0.23%     95.93MiB / 10.69GiB   0.88%	332
Juan                22.73%    232.7MiB / 500MiB     46.54%	332
control-center      1.59%     118MiB / 10.69GiB     1.08%	333
zk-1                0.22%     95.93MiB / 10.69GiB   0.88%	333
Juan                25.40%    232.8MiB / 500MiB     46.55%	333
control-center      0.52%     122.3MiB / 10.69GiB   1.12%	334
zk-1                0.11%     95.93MiB / 10.69GiB   0.88%	334
Juan                20.09%    232.4MiB / 500MiB     46.48%	334
control-center      0.72%     119.3MiB / 10.69GiB   1.09%	335
zk-1                0.23%     95.93MiB / 10.69GiB   0.88%	335
Juan                21.72%    232.5MiB / 500MiB     46.50%	335
control-center      0.71%     119.9MiB / 10.69GiB   1.10%	336
zk-1                0.18%     95.93MiB / 10.69GiB   0.88%	336
Juan                28.24%    232.2MiB / 500MiB     46.44%	336
control-center      5.49%     120.3MiB / 10.69GiB   1.10%	337
zk-1                0.20%     95.93MiB / 10.69GiB   0.88%	337
Juan                28.76%    232.2MiB / 500MiB     46.44%	337
control-center      101.05%   18.56MiB / 10.69GiB   0.17%	338
zk-1                0.17%     95.93MiB / 10.69GiB   0.88%	338
Juan                13.98%    232.1MiB / 500MiB     46.42%	338
control-center      1.92%     90.74MiB / 10.69GiB   0.83%	339
zk-1                0.10%     95.93MiB / 10.69GiB   0.88%	339
Juan                84.29%    232.5MiB / 500MiB     46.50%	339
control-center      1.46%     91.31MiB / 10.69GiB   0.83%	340
zk-1                0.12%     95.93MiB / 10.69GiB   0.88%	340
Juan                100.22%   225MiB / 500MiB       45.00%	340
control-center      1.30%     90.65MiB / 10.69GiB   0.83%	341
zk-1                0.10%     95.93MiB / 10.69GiB   0.88%	341
Juan                100.31%   226.5MiB / 500MiB     45.31%	341
control-center      1.12%     91.27MiB / 10.69GiB   0.83%	342
zk-1                0.10%     95.93MiB / 10.69GiB   0.88%	342
Juan                45.06%    226.6MiB / 500MiB     45.32%	342
control-center      1.36%     91.76MiB / 10.69GiB   0.84%	343
zk-1                0.39%     95.93MiB / 10.69GiB   0.88%	343
Juan                23.47%    225MiB / 500MiB       45.00%	343
control-center      1.66%     92.37MiB / 10.69GiB   0.84%	344
zk-1                0.39%     95.93MiB / 10.69GiB   0.88%	344
Juan                24.54%    224.9MiB / 500MiB     44.99%	344
control-center      1.42%     92.89MiB / 10.69GiB   0.85%	345
zk-1                0.20%     95.93MiB / 10.69GiB   0.88%	345
Juan                25.68%    225.2MiB / 500MiB     45.03%	345
control-center      1.88%     93.44MiB / 10.69GiB   0.85%	346
zk-1                0.13%     95.93MiB / 10.69GiB   0.88%	346
Juan                23.23%    225MiB / 500MiB       45.01%	346
control-center      1.26%     93.94MiB / 10.69GiB   0.86%	347
zk-1                0.17%     95.93MiB / 10.69GiB   0.88%	347
Juan                24.30%    225.2MiB / 500MiB     45.03%	347
control-center      2.83%     94.39MiB / 10.69GiB   0.86%	348
zk-1                0.27%     95.93MiB / 10.69GiB   0.88%	348
Juan                22.60%    225.1MiB / 500MiB     45.03%	348
control-center      1.76%     95.05MiB / 10.69GiB   0.87%	349
zk-1                0.20%     95.93MiB / 10.69GiB   0.88%	349
Juan                19.77%    225.2MiB / 500MiB     45.04%	349
control-center      8.59%     99.49MiB / 10.69GiB   0.91%	350
zk-1                2.11%     95.93MiB / 10.69GiB   0.88%	350
Juan                19.46%    225.2MiB / 500MiB     45.04%	350
control-center      0.62%     99.49MiB / 10.69GiB   0.91%	351
zk-1                0.13%     95.93MiB / 10.69GiB   0.88%	351
Juan                100.04%   226.1MiB / 500MiB     45.22%	351
control-center      0.86%     99.79MiB / 10.69GiB   0.91%	352
zk-1                0.09%     95.93MiB / 10.69GiB   0.88%	352
Juan                99.67%    228.2MiB / 500MiB     45.64%	352
control-center      0.73%     99.86MiB / 10.69GiB   0.91%	353
zk-1                0.14%     95.93MiB / 10.69GiB   0.88%	353
Juan                84.66%    227.2MiB / 500MiB     45.43%	353
control-center      1.15%     99.86MiB / 10.69GiB   0.91%	354
Juan                17.98%    226.6MiB / 500MiB     45.31%	354
control-center      4.46%     99.94MiB / 10.69GiB   0.91%	355
Juan                32.87%    226.7MiB / 500MiB     45.35%	355
control-center      1.62%     99.95MiB / 10.69GiB   0.91%	356
Juan                20.10%    226.4MiB / 500MiB     45.29%	356
control-center      2.61%     99.97MiB / 10.69GiB   0.91%	357
Juan                24.30%    227.1MiB / 500MiB     45.42%	357
Juan                27.24%    226.7MiB / 500MiB     45.34%	358
Juan                18.59%    226.6MiB / 500MiB     45.31%	359
Juan                24.52%    226.6MiB / 500MiB     45.32%	360
Juan                19.45%    226.7MiB / 500MiB     45.34%	361
Juan                100.53%   227.4MiB / 500MiB     45.48%	362
Juan                83.36%    229.8MiB / 500MiB     45.96%	363
Juan                100.00%   229.3MiB / 500MiB     45.85%	364
Juan                24.61%    228.3MiB / 500MiB     45.67%	365
Juan                21.38%    228MiB / 500MiB      45.61%	366
Juan                27.24%    227.9MiB / 500MiB     45.57%	367
Juan                27.70%    227.7MiB / 500MiB    45.53%	368
Juan                22.87%    227.7MiB / 500MiB     45.53%	369
Juan                22.12%    227.9MiB / 500MiB     45.58%	370
Juan                30.36%    227.9MiB / 500MiB     45.57%	371
Juan                24.06%    227.8MiB / 500MiB    45.56%	372
Juan                91.73%    228.5MiB / 500MiB     45.69%	373
Juan                100.60%   229.1MiB / 500MiB     45.83%	374
Juan                99.47%    230.6MiB / 500MiB     46.13%	375
Juan                55.92%    240.1MiB / 500MiB     48.01%	376
Juan                19.02%    239.4MiB / 500MiB     47.89%	377
Juan                19.73%    239.7MiB / 500MiB     47.94%	378
Juan                22.93%    239.4MiB / 500MiB     47.89%	379
Juan                26.08%    239.4MiB / 500MiB     47.88%	380
Juan                25.37%    239.5MiB / 500MiB     47.90%	381
Juan                18.45%    239.4MiB / 500MiB     47.88%	382
Juan                20.61%    239.4MiB / 500MiB     47.88%	383
Juan                99.36%    239.9MiB / 500MiB     47.99%	384
Juan                84.14%    244MiB / 500MiB       48.79%	385
Juan                100.64%   242.8MiB / 500MiB     48.57%	386
Juan                29.17%    241.8MiB / 500MiB     48.37%	387
Juan                20.28%    241.8MiB / 500MiB     48.35%	388
Juan                19.74%    241.6MiB / 500MiB   48.33%	389
Juan                17.26%    241.4MiB / 500MiB     48.29%	390
Juan                23.42%    241.6MiB / 500MiB     48.32%	391
Juan                21.76%    241.5MiB / 500MiB    48.30%	392
Juan                16.84%    241.6MiB / 500MiB     48.31%	393
Juan                21.52%    241.9MiB / 500MiB     48.38%	394
Juan                61.80%    241.6MiB / 500MiB     48.32%	395
Juan                99.82%    242.3MiB / 500MiB     48.47%	396
Juan                99.70%    245.4MiB / 500MiB     49.07%	397
Juan                58.68%    243.6MiB / 500MiB     48.72%	398
Juan                12.87%    242.2MiB / 500MiB     48.44%	399
Juan                28.73%    242MiB / 500MiB       48.39%	400
Juan                14.45%    242.1MiB / 500MiB     48.41%	401
Juan                25.44%    241.8MiB / 500MiB     48.37%	402
Juan                13.00%    241.7MiB / 500MiB     48.34%	403
Juan                20.47%    241.8MiB / 500MiB    48.37%	404
Juan                14.99%    241.5MiB / 500MiB     48.31%	405
Juan                24.39%    241.9MiB / 500MiB     48.37%	406
Juan                99.22%    242.5MiB / 500MiB    48.49%	407
Juan                99.78%    246.2MiB / 500MiB     49.25%	408
Juan                95.74%    245MiB / 500MiB       49.00%	409
Juan                1.03%     243.8MiB / 500MiB     48.75%	410
Juan                1.14%     243.8MiB / 500MiB    48.76%	411
Juan                1.54%     243.8MiB / 500MiB     48.75%	412
Juan                0.66%     243.8MiB / 500MiB    48.76%	413
Juan                1.50%     243.8MiB / 500MiB    48.76%	414
Juan                0.47%     243.8MiB / 500MiB     48.76%	415
Juan                1.80%     243.8MiB / 500MiB     48.76%	416
Juan                1.14%     243.8MiB / 500MiB     48.76%	417
Juan                74.82%    245MiB / 500MiB       49.00%	418
Juan                1.19%     244.9MiB / 500MiB    48.98%	419
Juan                0.90%     244.9MiB / 500MiB    48.98%	420
Juan                1.68%     244.9MiB / 500MiB    48.98%	421
Juan                1.29%     244.9MiB / 500MiB     48.98%	422
Juan                1.44%     244.9MiB / 500MiB    48.98%	423
Juan                0.91%     245MiB / 500MiB      49.00%	424
Juan                2.33%     245MiB / 500MiB      49.00%	425
Juan                0.50%     244.9MiB / 500MiB    48.98%	426
Juan                2.15%     244.9MiB / 500MiB     48.98%	427
Juan                1.54%     244.9MiB / 500MiB     48.98%	428
Juan                1.96%     244.9MiB / 500MiB    48.98%	429
Juan                0.45%     244.9MiB / 500MiB    48.98%	430
Juan                8.06%     245MiB / 500MiB      49.00%	431
Juan                0.52%     245MiB / 500MiB       49.00%	432
Juan                1.91%     245MiB / 500MiB       49.00%	433
Juan                0.47%     245MiB / 500MiB       49.00%	434
Juan                1.10%     245MiB / 500MiB       49.00%	435
Juan                0.49%     245.1MiB / 500MiB     49.03%	436
Juan                1.98%     245MiB / 500MiB      49.00%	437
Juan                0.69%     245MiB / 500MiB      49.00%	438
Juan                1.59%     245MiB / 500MiB      49.00%	439
Juan                0.50%     245MiB / 500MiB      49.01%	440
Juan                1.92%     245MiB / 500MiB       49.00%	441
Juan                0.37%     245MiB / 500MiB      49.00%	442
Juan                1.67%     245MiB / 500MiB      49.01%	443
Juan                0.41%     245MiB / 500MiB       49.01%	444
